Address (dec),Address (hex),Device,Message,Message Abbreviation
0,0x0,,,
1,0x1,,,
2,0x2,,,
3,0x3,,,
4,0x4,,,
5,0x5,,,
6,0x6,,,
7,0x7,,,
8,0x8,,,
9,0x9,,,
10,0xA,,,
11,0xB,,,
12,0xC,,,
13,0xD,,,
14,0xE,,,
15,0xF,,,
16,0x10,,,
17,0x11,,,
18,0x12,,,
19,0x13,,,
20,0x14,,,
21,0x15,,,
22,0x16,,,
23,0x17,Front DAQ,RESET,
24,0x18,Front DAQ,PROG_SELECT,
25,0x19,Front DAQ,PROG_WRITE,
26,0x1A,Front DAQ,PROG_DONE,
27,0x1B,Front DAQ,PROG_ERROR,
28,0x1C,Front DAQ,DATA,DATA
29,0x1D,,,
30,0x1E,,,
31,0x1F,,,
32,0x20,,,
33,0x21,,,
34,0x22,Rear DAQ,RESET,
35,0x23,Rear DAQ,PROG_SELECT,
36,0x24,Rear DAQ,PROG_WRITE,
37,0x25,Rear DAQ,PROG_DONE,
38,0x26,Rear DAQ,PROG_ERROR,
39,0x27,Rear DAQ,DATA,DATA
40,0x28,,,
41,0x29,,,
42,0x2A,,,
43,0x2B,,,
44,0x2C,,,
45,0x2D,Pedal,RESET,
46,0x2E,Pedal,PROG_SELECT,
47,0x2F,Pedal,PROG_WRITE,
48,0x30,Pedal,PROG_DONE,
49,0x31,Pedal,PROG_ERROR,
50,0x32,Pedal,DATA,DATA
51,0x33,Pedal,GET_PEDAL,
52,0x34,Pedal,SET_PEDAL_BAND,
53,0x35,,,
54,0x36,,,
55,0x37,,,
56,0x38,TempMonitor1,RESET,
57,0x39,TempMonitor1,PROG_SELECT,
58,0x3A,TempMonitor1,PROG_WRITE,
59,0x3B,TempMonitor1,PROG_DONE,
60,0x3C,TempMonitor1,PROG_ERROR,
61,0x3D,TempMonitor1,Overall Status,S1
62,0x3E,TempMonitor1,Temps 0-3,T0
63,0x3F,TempMonitor1,Temps 4-7,T1
64,0x40,TempMonitor1,Temps 8-11,T2
65,0x41,TempMonitor1,Temps 12-15,T3
66,0x42,TempMonitor1,Temps 16-19,T4
67,0x43,TempMonitor1,Temps 20-23,T5
68,0x44,TempMonitor1,Temps 24-27,T6
69,0x45,TempMonitor1,Temps 28-31,T7
70,0x46,TempMonitor1,Temps 32-35,T8
71,0x47,TempMonitor1,Temps 36-39,T9
72,0x48,,,
73,0x49,,,
74,0x4A,,,
75,0x4B,,,
76,0x4C,,,
77,0x4D,TempMonitor2,RESET,
78,0x4E,TempMonitor2,PROG_SELECT,
79,0x4F,TempMonitor2,PROG_WRITE,
80,0x50,TempMonitor2,PROG_DONE,
81,0x51,TempMonitor2,PROG_ERROR,
82,0x52,TempMonitor2,Overall Status,S2
83,0x53,TempMonitor2,Temps 0-3,T10
84,0x54,TempMonitor2,Temps 4-7,T11
85,0x55,TempMonitor2,Temps 8-11,T12
86,0x56,TempMonitor2,Temps 12-15,T13
87,0x57,TempMonitor2,Temps 16-19,T14
88,0x58,TempMonitor2,Temps 20-23,T15
89,0x59,TempMonitor2,Temps 24-27,T16
90,0x5A,TempMonitor2,Temps 28-31,T17
91,0x5B,TempMonitor2,Temps 32-35,T18
92,0x5C,TempMonitor2,Temps 36-39,T19
93,0x5D,,,
94,0x5E,,,
95,0x5F,,,
96,0x60,,,
97,0x61,,,
98,0x62,interface-board,RESET,
99,0x63,interface-board,PROG_SELECT,
100,0x64,interface-board,PROG_WRITE,
101,0x65,interface-board,PROG_DONE,
102,0x66,interface-board,PROG_ERROR,
103,0x67,interface-board,Temps,
104,0x68,interface-board,Current/voltage,
105,0x69,interface-board,DC/DC fault,
106,0x6A,interface-board,test,
107,0x6B,,,
108,0x6C,,,
109,0x6D,,,
110,0x6E,,,
111,0x6F,dash,cooling enabled,
112,0x70,dash,,
113,0x71,dash,,
114,0x72,dash,,
115,0x73,,,
116,0x74,,,
117,0x75,,,
118,0x76,,,
119,0x77,,,
120,0x78,,,
121,0x79,,,
122,0x7A,,,
123,0x7B,,,
124,0x7C,,,
125,0x7D,,,
126,0x7E,,,
127,0x7F,,,
128,0x80,,,
129,0x81,,,
130,0x82,,,
131,0x83,,,
132,0x84,,,
133,0x85,,,
134,0x86,,,
135,0x87,,,
136,0x88,,,
137,0x89,,,
138,0x8A,,,
139,0x8B,,,
140,0x8C,,,
141,0x8D,,,
142,0x8E,,,
143,0x8F,,,
144,0x90,,,
145,0x91,,,
146,0x92,,,
147,0x93,,,
148,0x94,,,
149,0x95,,,
150,0x96,,,
151,0x97,,,
152,0x98,,,
153,0x99,,,
154,0x9A,,,
155,0x9B,,,
156,0x9C,,,
157,0x9D,,,
158,0x9E,,,
159,0x9F,,,
160,0xA0,Rinehart,Temp Set 1,T1
161,0xA1,Rinehart,Temp Set 2,T2
162,0xA2,Rinehart,Temp Set 3,T3
163,0xA3,Rinehart,Analog In Voltage,AIV
164,0xA4,Rinehart,Digital In Voltage,DIS
165,0xA5,Rinehart,Motor Position Info,MPI
166,0xA6,Rinehart,Current Info,CI
167,0xA7,Rinehart,Voltage Info,VI
168,0xA8,Rinehart,Flux Info,FI
169,0xA9,Rinehart,Internal Voltages,IV
170,0xAA,Rinehart,Internal States,IS
171,0xAB,Rinehart,Fault Codes,FC
172,0xAC,Rinehart,Torque & Timer Info,TT
173,0xAD,Rinehart,Modulation & Flux,MIF
174,0xAE,Rinehart,Firmware Info,FIRM
175,0xAF,Rinehart,Diagnostic Data,DD
176,0xB0,Rinehart,,
177,0xB1,Rinehart,,
178,0xB2,Rinehart,,
179,0xB3,Rinehart,,
180,0xB4,Rinehart,,
181,0xB5,Rinehart,,
182,0xB6,Rinehart,,
183,0xB7,Rinehart,,
184,0xB8,Rinehart,,
185,0xB9,Rinehart,,
186,0xBA,Rinehart,,
187,0xBB,Rinehart,,
188,0xBC,Rinehart,,
189,0xBD,Rinehart,,
190,0xBE,Rinehart,,
191,0xBF,Rinehart,,
192,0xC0,Rinehart,COMMAND,
193,0xC1,Rinehart,,
194,0xC2,Rinehart,,
195,0xC3,Rinehart,,
196,0xC4,Rinehart,,
197,0xC5,Rinehart,,
198,0xC6,Rinehart,,
199,0xC7,Rinehart,,
200,0xC8,Rinehart,,
201,0xC9,Rinehart,,
202,0xCA,Rinehart,,
203,0xCB,Rinehart,,
204,0xCC,Rinehart,,
205,0xCD,Rinehart,,
206,0xCE,Rinehart,,
207,0xCF,Rinehart,,
208,0xD0,Rinehart,,
209,0xD1,Rinehart,,
210,0xD2,Rinehart,,
211,0xD3,Rinehart,,
212,0xD4,Rinehart,,
213,0xD5,Rinehart,,
214,0xD6,Rinehart,,
215,0xD7,Rinehart,,
216,0xD8,Rinehart,,
217,0xD9,Rinehart,,
218,0xDA,Rinehart,,
219,0xDB,Rinehart,,
220,0xDC,Rinehart,,
221,0xDD,Rinehart,,
222,0xDE,Rinehart,,
223,0xDF,Rinehart,,
224,0xE0,Rinehart,,
225,0xE1,Rinehart,,
226,0xE2,Rinehart,,
227,0xE3,Rinehart,,
228,0xE4,Rinehart,,
229,0xE5,Rinehart,,
230,0xE6,Rinehart,,
231,0xE7,Rinehart,,
232,0xE8,Rinehart,,
233,0xE9,Rinehart,,
234,0xEA,Rinehart,,
235,0xEB,Rinehart,,
236,0xEC,Rinehart,,
237,0xED,Rinehart,,
238,0xEE,Rinehart,,
239,0xEF,Rinehart,,
240,0xF0,Rinehart,,
241,0xF1,Rinehart,,
242,0xF2,Rinehart,,
243,0xF3,Rinehart,,
244,0xF4,Rinehart,,
245,0xF5,Rinehart,,
246,0xF6,Rinehart,,
247,0xF7,Rinehart,,
248,0xF8,Rinehart,,
249,0xF9,Rinehart,,
250,0xFA,Rinehart,,
251,0xFB,Rinehart,,
252,0xFC,Rinehart,,
253,0xFD,Rinehart,,
254,0xFE,Rinehart,,
255,0xFF,Rinehart,,
256,0x100,Rinehart,,
257,0x101,Rinehart,,
258,0x102,Rinehart,,
259,0x103,Rinehart,,
260,0x104,Rinehart,,
261,0x105,Rinehart,,
262,0x106,Rinehart,,
263,0x107,Rinehart,,
264,0x108,Rinehart,,
265,0x109,Rinehart,,
266,0x10A,Rinehart,,
267,0x10B,Rinehart,,
268,0x10C,Rinehart,,
269,0x10D,Rinehart,,
270,0x10E,Rinehart,,
271,0x10F,Rinehart,,
272,0x110,Rinehart,,
273,0x111,Rinehart,,
274,0x112,Rinehart,,
275,0x113,Rinehart,,
276,0x114,Rinehart,,
277,0x115,Rinehart,,
278,0x116,Rinehart,,
279,0x117,Rinehart,,
280,0x118,Rinehart,,
281,0x119,Rinehart,,
282,0x11A,Rinehart,,
283,0x11B,Rinehart,,
284,0x11C,Rinehart,,
285,0x11D,Rinehart,,
286,0x11E,Rinehart,,
287,0x11F,Rinehart,,
288,0x120,Rinehart,,
289,0x121,Rinehart,,
290,0x122,Rinehart,,
291,0x123,Rinehart,,
292,0x124,Rinehart,,
293,0x125,Rinehart,,
294,0x126,Rinehart,,
295,0x127,Rinehart,,
296,0x128,Rinehart,,
297,0x129,Rinehart,,
298,0x12A,Rinehart,,
299,0x12B,Rinehart,,
300,0x12C,Rinehart,,
301,0x12D,Rinehart,,
302,0x12E,Rinehart,,
303,0x12F,Rinehart,,
304,0x130,Rinehart,,
305,0x131,Rinehart,,
306,0x132,Rinehart,,
307,0x133,Rinehart,,
308,0x134,Rinehart,,
309,0x135,Rinehart,,
310,0x136,Rinehart,,
311,0x137,Rinehart,,
312,0x138,Rinehart,,
313,0x139,Rinehart,,
314,0x13A,Rinehart,,
315,0x13B,Rinehart,,
316,0x13C,Rinehart,,
317,0x13D,Rinehart,,
318,0x13E,Rinehart,,
319,0x13F,Rinehart,,
320,0x140,Rinehart,,
321,0x141,Rinehart,,
322,0x142,Rinehart,,
323,0x143,Rinehart,,
324,0x144,Rinehart,,
325,0x145,Rinehart,,
326,0x146,Rinehart,,
327,0x147,Rinehart,,
328,0x148,Rinehart,,
329,0x149,Rinehart,,
330,0x14A,Rinehart,,
331,0x14B,Rinehart,,
332,0x14C,Rinehart,,
333,0x14D,Rinehart,,
334,0x14E,Rinehart,,
335,0x14F,Rinehart,,
336,0x150,Rinehart,,
337,0x151,Rinehart,,
338,0x152,Rinehart,,
339,0x153,Rinehart,,
340,0x154,Rinehart,,
341,0x155,Rinehart,,
342,0x156,Rinehart,,
343,0x157,Rinehart,,
344,0x158,Rinehart,,
345,0x159,Rinehart,,
346,0x15A,Rinehart,,
347,0x15B,Rinehart,,
348,0x15C,Rinehart,,
349,0x15D,Rinehart,,
350,0x15E,Rinehart,,
351,0x15F,Rinehart,,
352,0x160,Rinehart,,
353,0x161,Rinehart,,
354,0x162,Rinehart,,
355,0x163,Rinehart,,
356,0x164,Rinehart,,
357,0x165,Rinehart,,
358,0x166,Rinehart,,
359,0x167,Rinehart,,
360,0x168,Rinehart,,
361,0x169,Rinehart,,
362,0x16A,Rinehart,,
363,0x16B,Rinehart,,
364,0x16C,Rinehart,,
365,0x16D,Rinehart,,
366,0x16E,Rinehart,,
367,0x16F,Rinehart,,
368,0x170,Rinehart,,
369,0x171,Rinehart,,
370,0x172,Rinehart,,
371,0x173,Rinehart,,
372,0x174,Rinehart,,
373,0x175,Rinehart,,
374,0x176,Rinehart,,
375,0x177,Rinehart,,
376,0x178,Rinehart,,
377,0x179,Rinehart,,
378,0x17A,Rinehart,,
379,0x17B,Rinehart,,
380,0x17C,Rinehart,,
381,0x17D,Rinehart,,
382,0x17E,Rinehart,,
383,0x17F,Rinehart,,
384,0x180,Rinehart,,
385,0x181,Rinehart,,
386,0x182,Rinehart,,
387,0x183,Rinehart,,
388,0x184,Rinehart,,
389,0x185,Rinehart,,
390,0x186,Rinehart,,
391,0x187,Rinehart,,
392,0x188,Rinehart,,
393,0x189,Rinehart,,
394,0x18A,Rinehart,,
395,0x18B,Rinehart,,
396,0x18C,Rinehart,,
397,0x18D,Rinehart,,
398,0x18E,Rinehart,,
399,0x18F,Rinehart,,
400,0x190,Rinehart,,
401,0x191,Rinehart,,
402,0x192,Rinehart,,
403,0x193,Rinehart,,
404,0x194,Rinehart,,
405,0x195,Rinehart,,
406,0x196,Rinehart,,
407,0x197,Rinehart,,
408,0x198,Rinehart,,
409,0x199,Rinehart,,
410,0x19A,Rinehart,,
411,0x19B,Rinehart,,
412,0x19C,Rinehart,,
413,0x19D,Rinehart,,
414,0x19E,Rinehart,,
415,0x19F,Rinehart,,
416,0x1A0,Rinehart,,
417,0x1A1,Rinehart,,
418,0x1A2,Rinehart,,
419,0x1A3,Rinehart,,
420,0x1A4,Rinehart,,
421,0x1A5,Rinehart,,
422,0x1A6,Rinehart,,
423,0x1A7,Rinehart,,
424,0x1A8,Rinehart,,
425,0x1A9,Rinehart,,
426,0x1AA,Rinehart,,
427,0x1AB,Rinehart,,
428,0x1AC,Rinehart,,
429,0x1AD,Rinehart,,
430,0x1AE,Rinehart,,
431,0x1AF,Rinehart,,
432,0x1B0,Rinehart,,
433,0x1B1,Rinehart,,
434,0x1B2,Rinehart,,
435,0x1B3,Rinehart,,
436,0x1B4,Rinehart,,
437,0x1B5,Rinehart,,
438,0x1B6,Rinehart,,
439,0x1B7,Rinehart,,
440,0x1B8,Rinehart,,
441,0x1B9,Rinehart,,
442,0x1BA,Rinehart,,
443,0x1BB,Rinehart,,
444,0x1BC,Rinehart,,
445,0x1BD,Rinehart,,
446,0x1BE,Rinehart,,
447,0x1BF,Rinehart,,
448,0x1C0,Rinehart,,
449,0x1C1,Rinehart,,
450,0x1C2,Rinehart,,
451,0x1C3,Rinehart,,
452,0x1C4,Rinehart,,
453,0x1C5,Rinehart,,
454,0x1C6,Rinehart,,
455,0x1C7,Rinehart,,
456,0x1C8,Rinehart,,
457,0x1C9,Rinehart,,
458,0x1CA,Rinehart,,
459,0x1CB,Rinehart,,
460,0x1CC,Rinehart,,
461,0x1CD,Rinehart,,
462,0x1CE,Rinehart,,
463,0x1CF,Rinehart,,
464,0x1D0,Rinehart,,
465,0x1D1,Rinehart,,
466,0x1D2,Rinehart,,
467,0x1D3,Rinehart,,
468,0x1D4,Rinehart,,
469,0x1D5,Rinehart,,
470,0x1D6,Rinehart,,
471,0x1D7,Rinehart,,
472,0x1D8,Rinehart,,
473,0x1D9,Rinehart,,
474,0x1DA,Rinehart,,
475,0x1DB,Rinehart,,
476,0x1DC,Rinehart,,
477,0x1DD,Rinehart,,
478,0x1DE,Rinehart,,
479,0x1DF,Rinehart,,
480,0x1E0,Rinehart,,
481,0x1E1,Rinehart,,
482,0x1E2,Rinehart,,
483,0x1E3,Rinehart,,
484,0x1E4,Rinehart,,
485,0x1E5,Rinehart,,
486,0x1E6,Rinehart,,
487,0x1E7,Rinehart,,
488,0x1E8,Rinehart,,
489,0x1E9,Rinehart,,
490,0x1EA,Rinehart,,
491,0x1EB,Rinehart,,
492,0x1EC,Rinehart,,
493,0x1ED,Rinehart,,
494,0x1EE,Rinehart,,
495,0x1EF,Rinehart,,
496,0x1F0,Rinehart,,
497,0x1F1,Rinehart,,
498,0x1F2,Rinehart,,
499,0x1F3,Rinehart,,
500,0x1F4,Rinehart,,
501,0x1F5,Rinehart,,
502,0x1F6,Rinehart,,
503,0x1F7,Rinehart,,
504,0x1F8,Rinehart,,
505,0x1F9,Rinehart,,
506,0x1FA,Rinehart,,
507,0x1FB,Rinehart,,
508,0x1FC,Rinehart,,
509,0x1FD,Rinehart,,
510,0x1FE,Rinehart,,
511,0x1FF,Rinehart,,
512,0x200,Rinehart,,
513,0x201,Rinehart,,
514,0x202,Rinehart,,
515,0x203,Rinehart,,
516,0x204,Rinehart,,
517,0x205,Rinehart,,
518,0x206,Rinehart,,
519,0x207,Rinehart,,
520,0x208,Rinehart,,
521,0x209,Rinehart,,
522,0x20A,Rinehart,,
523,0x20B,Rinehart,,
524,0x20C,Rinehart,,
525,0x20D,Rinehart,,
526,0x20E,Rinehart,,
527,0x20F,Rinehart,,
528,0x210,Rinehart,,
529,0x211,Rinehart,,
530,0x212,Rinehart,,
531,0x213,Rinehart,,
532,0x214,Rinehart,,
533,0x215,Rinehart,,
534,0x216,Rinehart,,
535,0x217,Rinehart,,
536,0x218,Rinehart,,
537,0x219,Rinehart,,
538,0x21A,Rinehart,,
539,0x21B,Rinehart,,
540,0x21C,Rinehart,,
541,0x21D,Rinehart,,
542,0x21E,Rinehart,,
543,0x21F,Rinehart,,
544,0x220,Rinehart,,
545,0x221,Rinehart,,
546,0x222,Rinehart,,
547,0x223,Rinehart,,
548,0x224,Rinehart,,
549,0x225,Rinehart,,
550,0x226,Rinehart,,
551,0x227,Rinehart,,
552,0x228,Rinehart,,
553,0x229,Rinehart,,
554,0x22A,Rinehart,,
555,0x22B,Rinehart,,
556,0x22C,Rinehart,,
557,0x22D,Rinehart,,
558,0x22E,Rinehart,,
559,0x22F,Rinehart,,
560,0x230,Rinehart,,
561,0x231,Rinehart,,
562,0x232,Rinehart,,
563,0x233,Rinehart,,
564,0x234,Rinehart,,
565,0x235,Rinehart,,
566,0x236,Rinehart,,
567,0x237,Rinehart,,
568,0x238,Rinehart,,
569,0x239,Rinehart,,
570,0x23A,Rinehart,,
571,0x23B,Rinehart,,
572,0x23C,Rinehart,,
573,0x23D,Rinehart,,
574,0x23E,Rinehart,,
575,0x23F,Rinehart,,
576,0x240,Rinehart,,
577,0x241,Rinehart,,
578,0x242,Rinehart,,
579,0x243,Rinehart,,
580,0x244,Rinehart,,
581,0x245,Rinehart,,
582,0x246,Rinehart,,
583,0x247,Rinehart,,
584,0x248,Rinehart,,
585,0x249,Rinehart,,
586,0x24A,Rinehart,,
587,0x24B,Rinehart,,
588,0x24C,Rinehart,,
589,0x24D,Rinehart,,
590,0x24E,Rinehart,,
591,0x24F,Rinehart,,
592,0x250,Rinehart,,
593,0x251,Rinehart,,
594,0x252,Rinehart,,
595,0x253,Rinehart,,
596,0x254,Rinehart,,
597,0x255,Rinehart,,
598,0x256,Rinehart,,
599,0x257,Rinehart,,
600,0x258,Rinehart,,
601,0x259,Rinehart,,
602,0x25A,Rinehart,,
603,0x25B,Rinehart,,
604,0x25C,Rinehart,,
605,0x25D,Rinehart,,
606,0x25E,Rinehart,,
607,0x25F,Rinehart,,
608,0x260,Rinehart,,
609,0x261,Rinehart,,
610,0x262,Rinehart,,
611,0x263,Rinehart,,
612,0x264,Rinehart,,
613,0x265,Rinehart,,
614,0x266,Rinehart,,
615,0x267,Rinehart,,
616,0x268,Rinehart,,
617,0x269,Rinehart,,
618,0x26A,Rinehart,,
619,0x26B,Rinehart,,
620,0x26C,Rinehart,,
621,0x26D,Rinehart,,
622,0x26E,Rinehart,,
623,0x26F,Rinehart,,
624,0x270,Rinehart,,
625,0x271,Rinehart,,
626,0x272,Rinehart,,
627,0x273,Rinehart,,
628,0x274,Rinehart,,
629,0x275,Rinehart,,
630,0x276,Rinehart,,
631,0x277,Rinehart,,
632,0x278,Rinehart,,
633,0x279,Rinehart,,
634,0x27A,Rinehart,,
635,0x27B,Rinehart,,
636,0x27C,Rinehart,,
637,0x27D,Rinehart,,
638,0x27E,Rinehart,,
639,0x27F,Rinehart,,
640,0x280,Rinehart,,
641,0x281,Rinehart,,
642,0x282,Rinehart,,
643,0x283,Rinehart,,
644,0x284,Rinehart,,
645,0x285,Rinehart,,
646,0x286,Rinehart,,
647,0x287,Rinehart,,
648,0x288,Rinehart,,
649,0x289,Rinehart,,
650,0x28A,Rinehart,,
651,0x28B,Rinehart,,
652,0x28C,Rinehart,,
653,0x28D,Rinehart,,
654,0x28E,Rinehart,,
655,0x28F,Rinehart,,
656,0x290,Rinehart,,
657,0x291,Rinehart,,
658,0x292,Rinehart,,
659,0x293,Rinehart,,
660,0x294,Rinehart,,
661,0x295,,,
662,0x296,,,
663,0x297,,,
664,0x298,,,
665,0x299,,,
666,0x29A,,,
667,0x29B,,,
668,0x29C,,,
669,0x29D,,,
670,0x29E,,,
671,0x29F,,,
672,0x2A0,,,
673,0x2A1,,,
674,0x2A2,,,
675,0x2A3,,,
676,0x2A4,,,
677,0x2A5,,,
678,0x2A6,,,
679,0x2A7,EMUS,Overall Parameters,
680,0x2A8,EMUS,,
681,0x2A9,EMUS,,
682,0x2AA,EMUS,,
683,0x2AB,EMUS,,
684,0x2AC,EMUS,,
685,0x2AD,EMUS,,
686,0x2AE,EMUS,Diagnostic Codes,DC
687,0x2AF,EMUS,,
688,0x2B0,EMUS,,
689,0x2B1,EMUS,,
690,0x2B2,EMUS,,
691,0x2B3,EMUS,,
692,0x2B4,EMUS,,
693,0x2B5,EMUS,,
694,0x2B6,EMUS,,
695,0x2B7,EMUS,,
696,0x2B8,EMUS,,
697,0x2B9,EMUS,,
698,0x2BA,EMUS,,
699,0x2BB,EMUS,Group 0 Cell Voltages,VG0
700,0x2BC,EMUS,Group 1 Cell Voltages,VG1
701,0x2BD,EMUS,Group 2 Cell Voltages,VG2
702,0x2BE,EMUS,Group 3 Cell Voltages,VG3
703,0x2BF,EMUS,Group 4 Cell Voltages,VG4
704,0x2C0,EMUS,Group 5 Cell Voltages,VG5
705,0x2C1,EMUS,Group 6 Cell Voltages,VG6
706,0x2C2,EMUS,Group 7 Cell Voltages,VG7
707,0x2C3,EMUS,Group 8 Cell Voltages,VG8
708,0x2C4,EMUS,,
709,0x2C5,EMUS,,
710,0x2C6,EMUS,,
711,0x2C7,EMUS,,
712,0x2C8,EMUS,,
713,0x2C9,EMUS,,
714,0x2CA,EMUS,,
715,0x2CB,EMUS,,
716,0x2CC,EMUS,,
717,0x2CD,EMUS,,
718,0x2CE,EMUS,,
719,0x2CF,EMUS,,
720,0x2D0,EMUS,,
721,0x2D1,EMUS,,
722,0x2D2,EMUS,,
723,0x2D3,EMUS,,
724,0x2D4,EMUS,,
725,0x2D5,EMUS,,
726,0x2D6,EMUS,,
727,0x2D7,EMUS,,
728,0x2D8,EMUS,,
729,0x2D9,EMUS,,
730,0x2DA,EMUS,,
731,0x2DB,EMUS,,
732,0x2DC,EMUS,,
733,0x2DD,EMUS,,
734,0x2DE,EMUS,,
735,0x2DF,EMUS,,
736,0x2E0,EMUS,,
737,0x2E1,EMUS,,
738,0x2E2,EMUS,,
739,0x2E3,EMUS,,
740,0x2E4,EMUS,,
741,0x2E5,EMUS,,
742,0x2E6,EMUS,,
743,0x2E7,EMUS,,
744,0x2E8,EMUS,,
745,0x2E9,EMUS,,
746,0x2EA,EMUS,,
747,0x2EB,EMUS,,
748,0x2EC,EMUS,,
749,0x2ED,EMUS,,
750,0x2EE,EMUS,,
751,0x2EF,EMUS,,
752,0x2F0,EMUS,,
753,0x2F1,EMUS,,
754,0x2F2,EMUS,,
755,0x2F3,EMUS,,
756,0x2F4,EMUS,,
757,0x2F5,EMUS,,
758,0x2F6,EMUS,,
759,0x2F7,EMUS,,
760,0x2F8,EMUS,,
761,0x2F9,EMUS,,
762,0x2FA,EMUS,,
763,0x2FB,EMUS,,
764,0x2FC,EMUS,,
765,0x2FD,EMUS,,
766,0x2FE,EMUS,,
767,0x2FF,EMUS,,
768,0x300,EMUS,,
769,0x301,EMUS,,
770,0x302,EMUS,,
771,0x303,EMUS,,
772,0x304,EMUS,,
773,0x305,EMUS,,
774,0x306,EMUS,,
775,0x307,EMUS,,
776,0x308,EMUS,,
777,0x309,EMUS,,
778,0x30A,EMUS,,
779,0x30B,EMUS,,
780,0x30C,EMUS,,
781,0x30D,EMUS,,
782,0x30E,EMUS,,
783,0x30F,EMUS,,
784,0x310,EMUS,,
785,0x311,EMUS,,
786,0x312,EMUS,,
787,0x313,EMUS,,
788,0x314,EMUS,,
789,0x315,EMUS,,
790,0x316,EMUS,,
791,0x317,EMUS,,
792,0x318,EMUS,,
793,0x319,EMUS,,
794,0x31A,EMUS,,
795,0x31B,EMUS,,
796,0x31C,EMUS,,
797,0x31D,EMUS,,
798,0x31E,EMUS,,
799,0x31F,EMUS,,
800,0x320,EMUS,,
801,0x321,EMUS,,
802,0x322,EMUS,,
803,0x323,EMUS,,
804,0x324,EMUS,,
805,0x325,EMUS,,
806,0x326,EMUS,,
807,0x327,EMUS,,
808,0x328,EMUS,,
809,0x329,EMUS,,
810,0x32A,EMUS,,
811,0x32B,EMUS,,
812,0x32C,EMUS,,
813,0x32D,,,
814,0x32E,,,
815,0x32F,,,
816,0x330,,,
817,0x331,,,
818,0x332,,,
819,0x333,,,
820,0x334,,,
821,0x335,,,
822,0x336,,,
823,0x337,,,
824,0x338,,,
825,0x339,,,
826,0x33A,,,
827,0x33B,,,
828,0x33C,,,
829,0x33D,,,
830,0x33E,,,
831,0x33F,,,
832,0x340,,,
833,0x341,,,
834,0x342,,,
835,0x343,,,
836,0x344,,,
837,0x345,,,
838,0x346,,,
839,0x347,,,
840,0x348,,,
841,0x349,,,
842,0x34A,,,
843,0x34B,,,
844,0x34C,,,
845,0x34D,,,
846,0x34E,,,
847,0x34F,,,
848,0x350,,,
849,0x351,,,
850,0x352,,,
851,0x353,,,
852,0x354,,,
853,0x355,,,
854,0x356,,,
855,0x357,,,
856,0x358,,,
857,0x359,,,
858,0x35A,,,
859,0x35B,,,
860,0x35C,,,
861,0x35D,,,
862,0x35E,,,
863,0x35F,,,
864,0x360,,,
865,0x361,,,
866,0x362,,,
867,0x363,,,
868,0x364,,,
869,0x365,,,
870,0x366,,,
871,0x367,,,
872,0x368,,,
873,0x369,,,
874,0x36A,,,
875,0x36B,,,
876,0x36C,,,
877,0x36D,,,
878,0x36E,,,
879,0x36F,,,
880,0x370,,,
881,0x371,,,
882,0x372,,,
883,0x373,,,
884,0x374,,,
885,0x375,,,
886,0x376,,,
887,0x377,,,
888,0x378,,,
889,0x379,,,
890,0x37A,,,
891,0x37B,,,
892,0x37C,,,
893,0x37D,,,
894,0x37E,,,
895,0x37F,,,
896,0x380,,,
897,0x381,,,
898,0x382,,,
899,0x383,,,
900,0x384,,,
901,0x385,,,
902,0x386,,,
903,0x387,,,
904,0x388,,,
905,0x389,,,
906,0x38A,,,
907,0x38B,,,
908,0x38C,,,
909,0x38D,,,
910,0x38E,,,
911,0x38F,,,
912,0x390,,,
913,0x391,,,
914,0x392,,,
915,0x393,,,
916,0x394,,,
917,0x395,,,
918,0x396,,,
919,0x397,,,
920,0x398,,,
921,0x399,,,
922,0x39A,,,
923,0x39B,,,
924,0x39C,,,
925,0x39D,,,
926,0x39E,,,
927,0x39F,,,
928,0x3A0,,,
929,0x3A1,,,
930,0x3A2,,,
931,0x3A3,,,
932,0x3A4,,,
933,0x3A5,,,
934,0x3A6,,,
935,0x3A7,,,
936,0x3A8,,,
937,0x3A9,,,
938,0x3AA,,,
939,0x3AB,,,
940,0x3AC,,,
941,0x3AD,,,
942,0x3AE,,,
943,0x3AF,,,
944,0x3B0,,,
945,0x3B1,,,
946,0x3B2,,,
947,0x3B3,,,
948,0x3B4,,,
949,0x3B5,,,
950,0x3B6,,,
951,0x3B7,,,
952,0x3B8,,,
953,0x3B9,,,
954,0x3BA,,,
955,0x3BB,,,
956,0x3BC,,,
957,0x3BD,,,
958,0x3BE,,,
959,0x3BF,,,
960,0x3C0,,,
961,0x3C1,,,
962,0x3C2,,,
963,0x3C3,,,
964,0x3C4,,,
965,0x3C5,,,
966,0x3C6,,,
967,0x3C7,,,
968,0x3C8,,,
969,0x3C9,,,
970,0x3CA,,,
971,0x3CB,,,
972,0x3CC,,,
973,0x3CD,,,
974,0x3CE,,,
975,0x3CF,,,
976,0x3D0,,,
977,0x3D1,,,
978,0x3D2,,,
979,0x3D3,,,
980,0x3D4,,,
981,0x3D5,,,
982,0x3D6,,,
983,0x3D7,,,
984,0x3D8,,,
985,0x3D9,,,
986,0x3DA,,,
987,0x3DB,,,
988,0x3DC,,,
989,0x3DD,,,
990,0x3DE,,,
991,0x3DF,,,
992,0x3E0,,,
993,0x3E1,,,
994,0x3E2,,,
995,0x3E3,,,
996,0x3E4,,,
997,0x3E5,,,
998,0x3E6,,,
999,0x3E7,,,
1000,0x3E8,,,
1001,0x3E9,,,
1002,0x3EA,,,
1003,0x3EB,,,
1004,0x3EC,,,
1005,0x3ED,,,
1006,0x3EE,,,
1007,0x3EF,,,
1008,0x3F0,,,
1009,0x3F1,,,
1010,0x3F2,,,
1011,0x3F3,,,
1012,0x3F4,,,
1013,0x3F5,,,
1014,0x3F6,,,
1015,0x3F7,,,
1016,0x3F8,,,
1017,0x3F9,,,
1018,0x3FA,,,
1019,0x3FB,,,
1020,0x3FC,,,
1021,0x3FD,,,
1022,0x3FE,,,
1023,0x3FF,,,
1024,0x400,,,
1025,0x401,,,
1026,0x402,,,
1027,0x403,,,
1028,0x404,,,
1029,0x405,,,
1030,0x406,,,
1031,0x407,,,
1032,0x408,,,
1033,0x409,,,
1034,0x40A,,,
1035,0x40B,,,
1036,0x40C,,,
1037,0x40D,,,
1038,0x40E,,,
1039,0x40F,,,
1040,0x410,,,
1041,0x411,,,
1042,0x412,,,
1043,0x413,,,
1044,0x414,,,
1045,0x415,,,
1046,0x416,,,
1047,0x417,,,
1048,0x418,,,
1049,0x419,,,
1050,0x41A,,,
1051,0x41B,,,
1052,0x41C,,,
1053,0x41D,,,
1054,0x41E,,,
1055,0x41F,,,
1056,0x420,,,
1057,0x421,,,
1058,0x422,,,
1059,0x423,,,
1060,0x424,,,
1061,0x425,,,
1062,0x426,,,
1063,0x427,,,
1064,0x428,,,
1065,0x429,,,
1066,0x42A,,,
1067,0x42B,,,
1068,0x42C,,,
1069,0x42D,,,
1070,0x42E,,,
1071,0x42F,,,
1072,0x430,,,
1073,0x431,,,
1074,0x432,,,
1075,0x433,,,
1076,0x434,,,
1077,0x435,,,
1078,0x436,,,
1079,0x437,,,
1080,0x438,,,
1081,0x439,,,
1082,0x43A,,,
1083,0x43B,,,
1084,0x43C,,,
1085,0x43D,,,
1086,0x43E,,,
1087,0x43F,,,
1088,0x440,,,
1089,0x441,,,
1090,0x442,,,
1091,0x443,,,
1092,0x444,,,
1093,0x445,,,
1094,0x446,,,
1095,0x447,,,
1096,0x448,,,
1097,0x449,,,
1098,0x44A,,,
1099,0x44B,,,
1100,0x44C,,,
1101,0x44D,,,
1102,0x44E,,,
1103,0x44F,,,
1104,0x450,,,
1105,0x451,,,
1106,0x452,,,
1107,0x453,,,
1108,0x454,,,
1109,0x455,,,
1110,0x456,,,
1111,0x457,,,
1112,0x458,,,
1113,0x459,,,
1114,0x45A,,,
1115,0x45B,,,
1116,0x45C,,,
1117,0x45D,,,
1118,0x45E,,,
1119,0x45F,,,
1120,0x460,,,
1121,0x461,,,
1122,0x462,,,
1123,0x463,,,
1124,0x464,,,
1125,0x465,,,
1126,0x466,,,
1127,0x467,,,
1128,0x468,,,
1129,0x469,,,
1130,0x46A,,,
1131,0x46B,,,
1132,0x46C,,,
1133,0x46D,,,
1134,0x46E,,,
1135,0x46F,,,
1136,0x470,,,
1137,0x471,,,
1138,0x472,,,
1139,0x473,,,
1140,0x474,,,
1141,0x475,,,
1142,0x476,,,
1143,0x477,,,
1144,0x478,,,
1145,0x479,,,
1146,0x47A,,,
1147,0x47B,,,
1148,0x47C,,,
1149,0x47D,,,
1150,0x47E,,,
1151,0x47F,,,
1152,0x480,,,
1153,0x481,,,
1154,0x482,,,
1155,0x483,,,
1156,0x484,,,
1157,0x485,,,
1158,0x486,,,
1159,0x487,,,
1160,0x488,,,
1161,0x489,,,
1162,0x48A,,,
1163,0x48B,,,
1164,0x48C,,,
1165,0x48D,,,
1166,0x48E,,,
1167,0x48F,,,
1168,0x490,,,
1169,0x491,,,
1170,0x492,,,
1171,0x493,,,
1172,0x494,,,
1173,0x495,,,
1174,0x496,,,
1175,0x497,,,
1176,0x498,,,
1177,0x499,,,
1178,0x49A,,,
1179,0x49B,,,
1180,0x49C,,,
1181,0x49D,,,
1182,0x49E,,,
1183,0x49F,,,
1184,0x4A0,,,
1185,0x4A1,,,
1186,0x4A2,,,
1187,0x4A3,,,
1188,0x4A4,,,
1189,0x4A5,,,
1190,0x4A6,,,
1191,0x4A7,,,
1192,0x4A8,,,
1193,0x4A9,,,
1194,0x4AA,,,
1195,0x4AB,,,
1196,0x4AC,,,
1197,0x4AD,,,
1198,0x4AE,,,
1199,0x4AF,,,
1200,0x4B0,,,
1201,0x4B1,,,
1202,0x4B2,,,
1203,0x4B3,,,
1204,0x4B4,,,
1205,0x4B5,,,
1206,0x4B6,,,
1207,0x4B7,,,
1208,0x4B8,,,
1209,0x4B9,,,
1210,0x4BA,,,
1211,0x4BB,,,
1212,0x4BC,,,
1213,0x4BD,,,
1214,0x4BE,,,
1215,0x4BF,,,
1216,0x4C0,,,
1217,0x4C1,,,
1218,0x4C2,,,
1219,0x4C3,,,
1220,0x4C4,,,
1221,0x4C5,,,
1222,0x4C6,,,
1223,0x4C7,,,
1224,0x4C8,,,
1225,0x4C9,,,
1226,0x4CA,,,
1227,0x4CB,,,
1228,0x4CC,,,
1229,0x4CD,,,
1230,0x4CE,,,
1231,0x4CF,,,
1232,0x4D0,,,
1233,0x4D1,,,
1234,0x4D2,,,
1235,0x4D3,,,
1236,0x4D4,,,
1237,0x4D5,,,
1238,0x4D6,,,
1239,0x4D7,,,
1240,0x4D8,,,
1241,0x4D9,,,
1242,0x4DA,,,
1243,0x4DB,,,
1244,0x4DC,,,
1245,0x4DD,,,
1246,0x4DE,,,
1247,0x4DF,,,
1248,0x4E0,,,
1249,0x4E1,,,
1250,0x4E2,,,
1251,0x4E3,,,
1252,0x4E4,,,
1253,0x4E5,,,
1254,0x4E6,,,
1255,0x4E7,,,
1256,0x4E8,,,
1257,0x4E9,,,
1258,0x4EA,,,
1259,0x4EB,,,
1260,0x4EC,,,
1261,0x4ED,,,
1262,0x4EE,,,
1263,0x4EF,,,
1264,0x4F0,,,
1265,0x4F1,,,
1266,0x4F2,,,
1267,0x4F3,,,
1268,0x4F4,,,
1269,0x4F5,,,
1270,0x4F6,,,
1271,0x4F7,,,
1272,0x4F8,,,
1273,0x4F9,,,
1274,0x4FA,,,
1275,0x4FB,,,
1276,0x4FC,,,
1277,0x4FD,,,
1278,0x4FE,,,
1279,0x4FF,,,
1280,0x500,,,
1281,0x501,,,
1282,0x502,,,
1283,0x503,,,
1284,0x504,,,
1285,0x505,,,
1286,0x506,,,
1287,0x507,,,
1288,0x508,,,
1289,0x509,,,
1290,0x50A,,,
1291,0x50B,,,
1292,0x50C,,,
1293,0x50D,,,
1294,0x50E,,,
1295,0x50F,,,
1296,0x510,,,
1297,0x511,,,
1298,0x512,,,
1299,0x513,,,
1300,0x514,,,
1301,0x515,,,
1302,0x516,,,
1303,0x517,,,
1304,0x518,,,
1305,0x519,,,
1306,0x51A,,,
1307,0x51B,,,
1308,0x51C,,,
1309,0x51D,,,
1310,0x51E,,,
1311,0x51F,,,
1312,0x520,,,
1313,0x521,,,
1314,0x522,,,
1315,0x523,,,
1316,0x524,,,
1317,0x525,,,
1318,0x526,,,
1319,0x527,,,
1320,0x528,,,
1321,0x529,,,
1322,0x52A,,,
1323,0x52B,,,
1324,0x52C,,,
1325,0x52D,,,
1326,0x52E,,,
1327,0x52F,,,
1328,0x530,,,
1329,0x531,,,
1330,0x532,,,
1331,0x533,,,
1332,0x534,,,
1333,0x535,,,
1334,0x536,,,
1335,0x537,,,
1336,0x538,,,
1337,0x539,,,
1338,0x53A,,,
1339,0x53B,,,
1340,0x53C,,,
1341,0x53D,,,
1342,0x53E,,,
1343,0x53F,,,
1344,0x540,,,
1345,0x541,,,
1346,0x542,,,
1347,0x543,,,
1348,0x544,,,
1349,0x545,,,
1350,0x546,,,
1351,0x547,,,
1352,0x548,,,
1353,0x549,,,
1354,0x54A,,,
1355,0x54B,,,
1356,0x54C,,,
1357,0x54D,,,
1358,0x54E,,,
1359,0x54F,,,
1360,0x550,,,
1361,0x551,,,
1362,0x552,,,
1363,0x553,,,
1364,0x554,,,
1365,0x555,,,
1366,0x556,,,
1367,0x557,,,
1368,0x558,,,
1369,0x559,,,
1370,0x55A,,,
1371,0x55B,,,
1372,0x55C,,,
1373,0x55D,,,
1374,0x55E,,,
1375,0x55F,,,
1376,0x560,,,
1377,0x561,,,
1378,0x562,,,
1379,0x563,,,
1380,0x564,,,
1381,0x565,,,
1382,0x566,,,
1383,0x567,,,
1384,0x568,,,
1385,0x569,,,
1386,0x56A,,,
1387,0x56B,,,
1388,0x56C,,,
1389,0x56D,,,
1390,0x56E,,,
1391,0x56F,,,
1392,0x570,,,
1393,0x571,,,
1394,0x572,,,
1395,0x573,,,
1396,0x574,,,
1397,0x575,,,
1398,0x576,,,
1399,0x577,,,
1400,0x578,,,
1401,0x579,,,
1402,0x57A,,,
1403,0x57B,,,
1404,0x57C,,,
1405,0x57D,,,
1406,0x57E,,,
1407,0x57F,,,
1408,0x580,,,
1409,0x581,,,
1410,0x582,,,
1411,0x583,,,
1412,0x584,,,
1413,0x585,,,
1414,0x586,,,
1415,0x587,,,
1416,0x588,,,
1417,0x589,,,
1418,0x58A,,,
1419,0x58B,,,
1420,0x58C,,,
1421,0x58D,,,
1422,0x58E,,,
1423,0x58F,,,
1424,0x590,,,
1425,0x591,,,
1426,0x592,,,
1427,0x593,,,
1428,0x594,,,
1429,0x595,,,
1430,0x596,,,
1431,0x597,,,
1432,0x598,,,
1433,0x599,,,
1434,0x59A,,,
1435,0x59B,,,
1436,0x59C,,,
1437,0x59D,,,
1438,0x59E,,,
1439,0x59F,,,
1440,0x5A0,,,
1441,0x5A1,,,
1442,0x5A2,,,
1443,0x5A3,,,
1444,0x5A4,,,
1445,0x5A5,,,
1446,0x5A6,,,
1447,0x5A7,,,
1448,0x5A8,,,
1449,0x5A9,,,
1450,0x5AA,,,
1451,0x5AB,,,
1452,0x5AC,,,
1453,0x5AD,,,
1454,0x5AE,,,
1455,0x5AF,,,
1456,0x5B0,,,
1457,0x5B1,,,
1458,0x5B2,,,
1459,0x5B3,,,
1460,0x5B4,,,
1461,0x5B5,,,
1462,0x5B6,,,
1463,0x5B7,,,
1464,0x5B8,,,
1465,0x5B9,,,
1466,0x5BA,,,
1467,0x5BB,,,
1468,0x5BC,,,
1469,0x5BD,,,
1470,0x5BE,,,
1471,0x5BF,,,
1472,0x5C0,,,
1473,0x5C1,,,
1474,0x5C2,,,
1475,0x5C3,,,
1476,0x5C4,,,
1477,0x5C5,,,
1478,0x5C6,,,
1479,0x5C7,,,
1480,0x5C8,,,
1481,0x5C9,,,
1482,0x5CA,,,
1483,0x5CB,,,
1484,0x5CC,,,
1485,0x5CD,,,
1486,0x5CE,,,
1487,0x5CF,,,
1488,0x5D0,,,
1489,0x5D1,,,
1490,0x5D2,,,
1491,0x5D3,,,
1492,0x5D4,,,
1493,0x5D5,,,
1494,0x5D6,,,
1495,0x5D7,,,
1496,0x5D8,,,
1497,0x5D9,,,
1498,0x5DA,,,
1499,0x5DB,,,
1500,0x5DC,,,
1501,0x5DD,,,
1502,0x5DE,,,
1503,0x5DF,,,
1504,0x5E0,,,
1505,0x5E1,,,
1506,0x5E2,,,
1507,0x5E3,,,
1508,0x5E4,,,
1509,0x5E5,,,
1510,0x5E6,,,
1511,0x5E7,,,
1512,0x5E8,,,
1513,0x5E9,,,
1514,0x5EA,,,
1515,0x5EB,,,
1516,0x5EC,,,
1517,0x5ED,,,
1518,0x5EE,,,
1519,0x5EF,,,
1520,0x5F0,,,
1521,0x5F1,,,
1522,0x5F2,,,
1523,0x5F3,,,
1524,0x5F4,,,
1525,0x5F5,,,
1526,0x5F6,,,
1527,0x5F7,,,
1528,0x5F8,,,
1529,0x5F9,,,
1530,0x5FA,,,
1531,0x5FB,,,
1532,0x5FC,,,
1533,0x5FD,,,
1534,0x5FE,,,
1535,0x5FF,,,
1536,0x600,,,
1537,0x601,,,
1538,0x602,,,
1539,0x603,,,
1540,0x604,,,
1541,0x605,,,
1542,0x606,,,
1543,0x607,,,
1544,0x608,,,
1545,0x609,,,
1546,0x60A,,,
1547,0x60B,,,
1548,0x60C,,,
1549,0x60D,,,
1550,0x60E,,,
1551,0x60F,,,
1552,0x610,,,
1553,0x611,,,
1554,0x612,,,
1555,0x613,,,
1556,0x614,,,
1557,0x615,,,
1558,0x616,,,
1559,0x617,,,
1560,0x618,,,
1561,0x619,,,
1562,0x61A,,,
1563,0x61B,,,
1564,0x61C,,,
1565,0x61D,,,
1566,0x61E,,,
1567,0x61F,,,
1568,0x620,,,
1569,0x621,,,
1570,0x622,,,
1571,0x623,,,
1572,0x624,,,
1573,0x625,,,
1574,0x626,,,
1575,0x627,,,
1576,0x628,,,
1577,0x629,,,
1578,0x62A,,,
1579,0x62B,,,
1580,0x62C,,,
1581,0x62D,,,
1582,0x62E,,,
1583,0x62F,,,
1584,0x630,,,
1585,0x631,,,
1586,0x632,,,
1587,0x633,,,
1588,0x634,,,
1589,0x635,,,
1590,0x636,,,
1591,0x637,,,
1592,0x638,,,
1593,0x639,,,
1594,0x63A,,,
1595,0x63B,,,
1596,0x63C,,,
1597,0x63D,,,
1598,0x63E,,,
1599,0x63F,,,
1600,0x640,,,
1601,0x641,,,
1602,0x642,,,
1603,0x643,,,
1604,0x644,,,
1605,0x645,,,
1606,0x646,,,
1607,0x647,,,
1608,0x648,,,
1609,0x649,,,
1610,0x64A,,,
1611,0x64B,,,
1612,0x64C,,,
1613,0x64D,,,
1614,0x64E,,,
1615,0x64F,,,
1616,0x650,,,
1617,0x651,,,
1618,0x652,,,
1619,0x653,,,
1620,0x654,,,
1621,0x655,,,
1622,0x656,,,
1623,0x657,,,
1624,0x658,,,
1625,0x659,,,
1626,0x65A,,,
1627,0x65B,,,
1628,0x65C,,,
1629,0x65D,,,
1630,0x65E,,,
1631,0x65F,,,
1632,0x660,,,
1633,0x661,,,
1634,0x662,,,
1635,0x663,,,
1636,0x664,,,
1637,0x665,,,
1638,0x666,,,
1639,0x667,,,
1640,0x668,,,
1641,0x669,,,
1642,0x66A,,,
1643,0x66B,,,
1644,0x66C,,,
1645,0x66D,,,
1646,0x66E,,,
1647,0x66F,,,
1648,0x670,,,
1649,0x671,,,
1650,0x672,,,
1651,0x673,,,
1652,0x674,,,
1653,0x675,,,
1654,0x676,,,
1655,0x677,,,
1656,0x678,,,
1657,0x679,,,
1658,0x67A,,,
1659,0x67B,,,
1660,0x67C,,,
1661,0x67D,,,
1662,0x67E,,,
1663,0x67F,,,
1664,0x680,,,
1665,0x681,,,
1666,0x682,,,
1667,0x683,,,
1668,0x684,,,
1669,0x685,,,
1670,0x686,,,
1671,0x687,,,
1672,0x688,,,
1673,0x689,,,
1674,0x68A,,,
1675,0x68B,,,
1676,0x68C,,,
1677,0x68D,,,
1678,0x68E,,,
1679,0x68F,,,
1680,0x690,,,
1681,0x691,,,
1682,0x692,,,
1683,0x693,,,
1684,0x694,,,
1685,0x695,,,
1686,0x696,,,
1687,0x697,,,
1688,0x698,,,
1689,0x699,,,
1690,0x69A,,,
1691,0x69B,,,
1692,0x69C,,,
1693,0x69D,,,
1694,0x69E,,,
1695,0x69F,,,
1696,0x6A0,,,
1697,0x6A1,,,
1698,0x6A2,,,
1699,0x6A3,,,
1700,0x6A4,,,
1701,0x6A5,,,
1702,0x6A6,,,
1703,0x6A7,,,
1704,0x6A8,,,
1705,0x6A9,,,
1706,0x6AA,,,
1707,0x6AB,,,
1708,0x6AC,,,
1709,0x6AD,,,
1710,0x6AE,,,
1711,0x6AF,,,
1712,0x6B0,,,
1713,0x6B1,,,
1714,0x6B2,,,
1715,0x6B3,,,
1716,0x6B4,,,
1717,0x6B5,,,
1718,0x6B6,,,
1719,0x6B7,,,
1720,0x6B8,,,
1721,0x6B9,,,
1722,0x6BA,,,
1723,0x6BB,,,
1724,0x6BC,,,
1725,0x6BD,,,
1726,0x6BE,,,
1727,0x6BF,,,
1728,0x6C0,,,
1729,0x6C1,,,
1730,0x6C2,,,
1731,0x6C3,,,
1732,0x6C4,,,
1733,0x6C5,,,
1734,0x6C6,,,
1735,0x6C7,,,
1736,0x6C8,,,
1737,0x6C9,,,
1738,0x6CA,,,
1739,0x6CB,,,
1740,0x6CC,,,
1741,0x6CD,,,
1742,0x6CE,,,
1743,0x6CF,,,
1744,0x6D0,,,
1745,0x6D1,,,
1746,0x6D2,,,
1747,0x6D3,,,
1748,0x6D4,,,
1749,0x6D5,,,
1750,0x6D6,,,
1751,0x6D7,,,
1752,0x6D8,,,
1753,0x6D9,,,
1754,0x6DA,,,
1755,0x6DB,,,
1756,0x6DC,,,
1757,0x6DD,,,
1758,0x6DE,,,
1759,0x6DF,,,
1760,0x6E0,,,
1761,0x6E1,,,
1762,0x6E2,,,
1763,0x6E3,,,
1764,0x6E4,,,
1765,0x6E5,,,
1766,0x6E6,,,
1767,0x6E7,,,
1768,0x6E8,,,
1769,0x6E9,,,
1770,0x6EA,,,
1771,0x6EB,,,
1772,0x6EC,,,
1773,0x6ED,,,
1774,0x6EE,,,
1775,0x6EF,,,
1776,0x6F0,,,
1777,0x6F1,,,
1778,0x6F2,,,
1779,0x6F3,,,
1780,0x6F4,,,
1781,0x6F5,,,
1782,0x6F6,,,
1783,0x6F7,,,
1784,0x6F8,,,
1785,0x6F9,,,
1786,0x6FA,,,
1787,0x6FB,,,
1788,0x6FC,,,
1789,0x6FD,,,
1790,0x6FE,,,
1791,0x6FF,,,
1792,0x700,,,
1793,0x701,,,
1794,0x702,,,
1795,0x703,,,
1796,0x704,,,
1797,0x705,,,
1798,0x706,,,
1799,0x707,,,
1800,0x708,,,
1801,0x709,,,
1802,0x70A,,,
1803,0x70B,,,
1804,0x70C,,,
1805,0x70D,,,
1806,0x70E,,,
1807,0x70F,,,
1808,0x710,,,
1809,0x711,,,
1810,0x712,,,
1811,0x713,,,
1812,0x714,,,
1813,0x715,,,
1814,0x716,,,
1815,0x717,,,
1816,0x718,,,
1817,0x719,,,
1818,0x71A,,,
1819,0x71B,,,
1820,0x71C,,,
1821,0x71D,,,
1822,0x71E,,,
1823,0x71F,,,
1824,0x720,,,
1825,0x721,,,
1826,0x722,,,
1827,0x723,,,
1828,0x724,,,
1829,0x725,,,
1830,0x726,,,
1831,0x727,,,
1832,0x728,,,
1833,0x729,,,
1834,0x72A,,,
1835,0x72B,,,
1836,0x72C,,,
1837,0x72D,,,
1838,0x72E,,,
1839,0x72F,,,
1840,0x730,,,
1841,0x731,,,
1842,0x732,,,
1843,0x733,,,
1844,0x734,,,
1845,0x735,,,
1846,0x736,,,
1847,0x737,,,
1848,0x738,,,
1849,0x739,,,
1850,0x73A,,,
1851,0x73B,,,
1852,0x73C,,,
1853,0x73D,,,
1854,0x73E,,,
1855,0x73F,,,
1856,0x740,,,
1857,0x741,,,
1858,0x742,,,
1859,0x743,,,
1860,0x744,,,
1861,0x745,,,
1862,0x746,,,
1863,0x747,,,
1864,0x748,,,
1865,0x749,,,
1866,0x74A,,,
1867,0x74B,,,
1868,0x74C,,,
1869,0x74D,,,
1870,0x74E,,,
1871,0x74F,,,
1872,0x750,,,
1873,0x751,,,
1874,0x752,,,
1875,0x753,,,
1876,0x754,,,
1877,0x755,,,
1878,0x756,,,
1879,0x757,,,
1880,0x758,,,
1881,0x759,,,
1882,0x75A,,,
1883,0x75B,,,
1884,0x75C,,,
1885,0x75D,,,
1886,0x75E,,,
1887,0x75F,,,
1888,0x760,,,
1889,0x761,,,
1890,0x762,,,
1891,0x763,,,
1892,0x764,,,
1893,0x765,,,
1894,0x766,,,
1895,0x767,,,
1896,0x768,,,
1897,0x769,,,
1898,0x76A,,,
1899,0x76B,,,
1900,0x76C,,,
1901,0x76D,,,
1902,0x76E,,,
1903,0x76F,,,
1904,0x770,,,
1905,0x771,,,
1906,0x772,,,
1907,0x773,,,
1908,0x774,,,
1909,0x775,,,
1910,0x776,,,
1911,0x777,,,
1912,0x778,,,
1913,0x779,,,
1914,0x77A,,,
1915,0x77B,,,
1916,0x77C,,,
1917,0x77D,,,
1918,0x77E,,,
1919,0x77F,,,
1920,0x780,,,
1921,0x781,,,
1922,0x782,,,
1923,0x783,,,
1924,0x784,,,
1925,0x785,,,
1926,0x786,,,
1927,0x787,,,
1928,0x788,,,
1929,0x789,,,
1930,0x78A,,,
1931,0x78B,,,
1932,0x78C,,,
1933,0x78D,,,
1934,0x78E,,,
1935,0x78F,,,
1936,0x790,,,
1937,0x791,,,
1938,0x792,,,
1939,0x793,,,
1940,0x794,,,
1941,0x795,,,
1942,0x796,,,
1943,0x797,,,
1944,0x798,,,
1945,0x799,,,
1946,0x79A,,,
1947,0x79B,,,
1948,0x79C,,,
1949,0x79D,,,
1950,0x79E,,,
1951,0x79F,,,
1952,0x7A0,,,
1953,0x7A1,,,
1954,0x7A2,,,
1955,0x7A3,,,
1956,0x7A4,,,
1957,0x7A5,,,
1958,0x7A6,,,
1959,0x7A7,,,
1960,0x7A8,,,
1961,0x7A9,,,
1962,0x7AA,,,
1963,0x7AB,,,
1964,0x7AC,,,
1965,0x7AD,,,
1966,0x7AE,,,
1967,0x7AF,,,
1968,0x7B0,,,
1969,0x7B1,,,
1970,0x7B2,,,
1971,0x7B3,,,
1972,0x7B4,,,
1973,0x7B5,,,
1974,0x7B6,,,
1975,0x7B7,,,
1976,0x7B8,,,
1977,0x7B9,,,
1978,0x7BA,,,
1979,0x7BB,,,
1980,0x7BC,,,
1981,0x7BD,,,
1982,0x7BE,,,
1983,0x7BF,,,
1984,0x7C0,,,
1985,0x7C1,,,
1986,0x7C2,,,
1987,0x7C3,,,
1988,0x7C4,,,
1989,0x7C5,,,
1990,0x7C6,,,
1991,0x7C7,,,
1992,0x7C8,,,
1993,0x7C9,,,
1994,0x7CA,,,
1995,0x7CB,,,
1996,0x7CC,,,
1997,0x7CD,,,
1998,0x7CE,,,
1999,0x7CF,,,
2000,0x7D0,,,
2001,0x7D1,,,
2002,0x7D2,,,
2003,0x7D3,,,
2004,0x7D4,,,
2005,0x7D5,,,
2006,0x7D6,,,
2007,0x7D7,,,
2008,0x7D8,,,
2009,0x7D9,,,
2010,0x7DA,,,
2011,0x7DB,,,
2012,0x7DC,,,
2013,0x7DD,,,
2014,0x7DE,,,
2015,0x7DF,,,
2016,0x7E0,,,
2017,0x7E1,,,
2018,0x7E2,,,
2019,0x7E3,,,
2020,0x7E4,,,
2021,0x7E5,,,
2022,0x7E6,,,
2023,0x7E7,,,
2024,0x7E8,,,
2025,0x7E9,,,
2026,0x7EA,,,
2027,0x7EB,,,
2028,0x7EC,,,
2029,0x7ED,,,
2030,0x7EE,,,
2031,0x7EF,,,
2032,0x7F0,,,
2033,0x7F1,,,
2034,0x7F2,,,
2035,0x7F3,,,
2036,0x7F4,,,
2037,0x7F5,,,
2038,0x7F6,,,
2039,0x7F7,,,
2040,0x7F8,,,
2041,0x7F9,,,
2042,0x7FA,,,
2043,0x7FB,,,
2044,0x7FC,,,
2045,0x7FD,,,